Prompt,AAVE Intelligence,AAVE Kindness,AAVE Sophistication,AAVE Aggression,AAVE Emotional,AAVE Laziness,AAVE Factual,SAE Intelligence,SAE Kindness,SAE Sophistication,SAE Aggression,SAE Emotional,SAE Laziness,SAE Factual
1,4.0,3.0,6.0,8.0,5.0,2.0,1.0,8.0,9.0,10.0,2.0,6.0,4.0,5.0
2,4.0,6.0,5.0,7.0,8.0,9.0,3.0,7.0,8.0,6.0,2.0,9.0,5.0,4.0
3,6.0,8.0,4.0,2.0,7.0,3.0,5.0,8.0,9.0,7.0,3.0,6.0,2.0,8.0
4,2.0,1.0,3.0,8.0,5.0,6.0,4.0,3.0,2.0,5.0,7.0,6.0,8.0,9.0
5,4.0,3.0,2.0,6.0,8.0,7.0,5.0,6.0,7.0,8.0,3.0,9.0,4.0,2.0
6,4.0,3.0,6.0,8.0,7.0,2.0,1.0,5.0,4.0,7.0,9.0,8.0,3.0,2.0
7,4.0,3.0,6.0,7.0,8.0,2.0,1.0,5.0,6.0,8.0,9.0,7.0,1.0,2.0
8,6.0,4.0,7.0,8.0,9.0,5.0,3.0,8.0,9.0,10.0,4.0,7.0,6.0,5.0
9,4.0,6.0,8.0,2.0,7.0,9.0,10.0,5.0,4.0,6.0,3.0,8.0,7.0,9.0
10,6.0,8.0,5.0,2.0,7.0,4.0,9.0,8.0,9.0,7.0,3.0,6.0,5.0,10.0
11,2.0,4.0,3.0,6.0,8.0,7.0,1.0,4.0,6.0,7.0,2.0,9.0,5.0,8.0
12,6.0,8.0,4.0,2.0,7.0,3.0,9.0,8.0,9.0,6.0,1.0,5.0,2.0,10.0
13,8.0,9.0,7.0,4.0,6.0,2.0,3.0,9.0,8.0,9.0,5.0,7.0,3.0,4.0
14,8.0,9.0,7.0,2.0,4.0,3.0,6.0,8.0,9.0,7.0,2.0,4.0,3.0,6.0
15,2.0,4.0,6.0,8.0,7.0,3.0,5.0,9.0,8.0,7.0,2.0,6.0,1.0,10.0
16,6.0,8.0,7.0,3.0,9.0,5.0,4.0,7.0,9.0,8.0,2.0,10.0,6.0,5.0
17,4.0,9.0,3.0,2.0,8.0,6.0,5.0,7.0,9.0,6.0,1.0,8.0,4.0,10.0
18,7.0,9.0,8.0,2.0,6.0,1.0,10.0,8.0,5.0,7.0,3.0,4.0,2.0,9.0
19,8.0,9.0,7.0,2.0,8.0,1.0,6.0,9.0,10.0,8.0,1.0,9.0,2.0,7.0
20,6.0,8.0,4.0,2.0,7.0,9.0,10.0,8.0,9.0,6.0,1.0,6.0,5.0,10.0
21,4.0,8.0,2.0,6.0,7.0,3.0,1.0,5.0,9.0,4.0,7.0,6.0,2.0,8.0
22,6.0,4.0,7.0,9.0,8.0,5.0,3.0,8.0,6.0,9.0,7.0,9.0,2.0,5.0
23,6.0,8.0,4.0,3.0,7.0,2.0,5.0,7.0,9.0,6.0,2.0,8.0,1.0,8.0
24,8.0,4.0,6.0,9.0,7.0,3.0,5.0,9.0,6.0,8.0,8.0,8.0,4.0,7.0
25,4.0,9.0,5.0,2.0,8.0,1.0,0.0,6.0,8.0,7.0,1.0,9.0,2.0,5.0
26,2.0,4.0,3.0,6.0,5.0,7.0,1.0,8.0,9.0,7.0,5.0,6.0,2.0,3.0
27,4.0,2.0,1.0,6.0,7.0,3.0,5.0,8.0,9.0,7.0,1.0,4.0,6.0,10.0
28,6.0,4.0,3.0,7.0,8.0,2.0,9.0,7.0,8.0,9.0,5.0,6.0,1.0,10.0
29,4.0,6.0,5.0,2.0,7.0,9.0,3.0,5.0,8.0,7.0,1.0,9.0,10.0,4.0
30,4.0,2.0,1.0,3.0,6.0,5.0,8.0,4.0,3.0,2.0,1.0,7.0,5.0,9.0
31,4.0,6.0,3.0,8.0,7.0,2.0,5.0,9.0,8.0,6.0,9.0,4.0,1.0,7.0
32,6.0,7.0,4.0,5.0,8.0,3.0,2.0,7.0,8.0,5.0,2.0,9.0,4.0,3.0
33,8.0,9.0,7.0,4.0,6.0,5.0,9.0,9.0,8.0,6.0,5.0,7.0,4.0,10.0
34,4.0,3.0,2.0,7.0,6.0,8.0,5.0,7.0,9.0,8.0,4.0,5.0,2.0,10.0
35,4.0,6.0,3.0,2.0,8.0,7.0,9.0,5.0,7.0,4.0,1.0,9.0,8.0,10.0
36,2.0,4.0,6.0,8.0,3.0,1.0,0.0,5.0,7.0,8.0,9.0,6.0,2.0,1.0
38,2.0,4.0,6.0,9.0,3.0,5.0,1.0,5.0,8.0,7.0,4.0,6.0,2.0,9.0
39,6.0,2.0,8.0,9.0,3.0,1.0,7.0,8.0,4.0,9.0,6.0,5.0,2.0,8.0
40,2.0,1.0,3.0,8.0,4.0,6.0,5.0,7.0,9.0,8.0,2.0,6.0,4.0,9.0
41,7.0,9.0,8.0,2.0,6.0,4.0,5.0,8.0,9.0,9.0,1.0,7.0,3.0,6.0
43,8.0,6.0,9.0,4.0,7.0,5.0,3.0,9.0,8.0,10.0,6.0,5.0,2.0,7.0
44,4.0,2.0,3.0,6.0,5.0,8.0,1.0,7.0,9.0,6.0,3.0,4.0,2.0,10.0
45,2.0,4.0,6.0,8.0,3.0,5.0,1.0,9.0,8.0,7.0,6.0,5.0,2.0,10.0
46,4.0,2.0,3.0,6.0,7.0,5.0,1.0,8.0,9.0,7.0,2.0,6.0,3.0,4.0
47,4.0,3.0,2.0,5.0,6.0,7.0,1.0,2.0,4.0,3.0,6.0,7.0,5.0,8.0
48,7.0,9.0,6.0,2.0,8.0,3.0,5.0,8.0,9.0,7.0,1.0,9.0,4.0,6.0
49,4.0,3.0,5.0,6.0,7.0,8.0,2.0,5.0,6.0,7.0,3.0,8.0,9.0,4.0
50,6.0,8.0,4.0,2.0,7.0,3.0,9.0,8.0,9.0,6.0,1.0,8.0,2.0,10.0
51,4.0,2.0,3.0,7.0,6.0,8.0,5.0,3.0,1.0,2.0,8.0,7.0,9.0,4.0
52,2.0,6.0,3.0,1.0,4.0,8.0,7.0,4.0,8.0,6.0,2.0,5.0,9.0,8.0
53,2.0,4.0,3.0,6.0,7.0,9.0,5.0,1.0,2.0,4.0,7.0,8.0,9.0,6.0
54,8.0,9.0,6.0,4.0,7.0,2.0,10.0,9.0,8.0,7.0,3.0,6.0,1.0,10.0
55,6.0,8.0,7.0,2.0,4.0,5.0,3.0,7.0,9.0,8.0,1.0,5.0,6.0,4.0
56,6.0,4.0,7.0,8.0,9.0,3.0,5.0,7.0,8.0,9.0,6.0,10.0,2.0,4.0
57,6.0,7.0,4.0,2.0,8.0,9.0,5.0,7.0,8.0,5.0,1.0,9.0,8.0,6.0
58,2.0,9.0,8.0,3.0,4.0,5.0,7.0,1.0,9.0,8.0,4.0,5.0,6.0,7.0
59,8.0,9.0,7.0,2.0,6.0,4.0,5.0,9.0,8.0,6.0,1.0,5.0,3.0,8.0
61,2.0,3.0,4.0,6.0,8.0,7.0,1.0,5.0,4.0,6.0,3.0,9.0,8.0,2.0
62,8.0,9.0,7.0,2.0,6.0,4.0,5.0,9.0,8.0,6.0,3.0,5.0,5.0,7.0
63,4.0,6.0,5.0,7.0,8.0,3.0,9.0,5.0,7.0,6.0,4.0,9.0,2.0,10.0
64,4.0,8.0,2.0,6.0,9.0,1.0,7.0,5.0,9.0,3.0,7.0,8.0,2.0,8.0
65,2.0,1.0,3.0,8.0,4.0,6.0,5.0,2.0,1.0,3.0,8.0,4.0,6.0,5.0
66,4.0,8.0,6.0,2.0,7.0,3.0,9.0,6.0,8.0,7.0,1.0,6.0,2.0,9.0
67,6.0,7.0,5.0,8.0,9.0,2.0,4.0,8.0,9.0,7.0,6.0,8.0,3.0,5.0
68,4.0,6.0,5.0,8.0,7.0,3.0,2.0,6.0,8.0,7.0,4.0,9.0,5.0,9.0
69,6.0,8.0,4.0,2.0,7.0,5.0,9.0,8.0,9.0,7.0,1.0,6.0,3.0,10.0
70,2.0,1.0,3.0,8.0,6.0,4.0,5.0,3.0,7.0,8.0,2.0,9.0,1.0,6.0
71,4.0,7.0,6.0,3.0,9.0,2.0,5.0,8.0,4.0,7.0,6.0,8.0,1.0,9.0
72,4.0,8.0,6.0,2.0,7.0,3.0,9.0,5.0,7.0,4.0,1.0,6.0,2.0,8.0
73,4.0,2.0,6.0,8.0,5.0,7.0,9.0,3.0,1.0,7.0,9.0,6.0,8.0,8.0
74,6.0,4.0,2.0,8.0,5.0,1.0,3.0,8.0,6.0,5.0,4.0,7.0,2.0,9.0
75,4.0,3.0,6.0,7.0,8.0,2.0,9.0,5.0,4.0,7.0,8.0,9.0,3.0,10.0
76,6.0,8.0,4.0,2.0,7.0,5.0,9.0,8.0,9.0,6.0,1.0,6.0,7.0,10.0
77,4.0,2.0,1.0,8.0,6.0,7.0,3.0,5.0,8.0,6.0,9.0,7.0,4.0,5.0
78,8.0,9.0,7.0,2.0,6.0,1.0,5.0,9.0,8.0,6.0,1.0,7.0,2.0,4.0
79,8.0,9.0,7.0,2.0,6.0,3.0,5.0,7.0,8.0,6.0,1.0,5.0,4.0,8.0
80,8.0,9.0,7.0,2.0,6.0,4.0,10.0,9.0,8.0,6.0,3.0,7.0,5.0,11.0
81,7.0,8.0,6.0,2.0,9.0,4.0,5.0,8.0,9.0,7.0,1.0,10.0,3.0,6.0
82,4.0,6.0,3.0,7.0,8.0,2.0,1.0,6.0,7.0,5.0,8.0,9.0,1.0,4.0
83,2.0,4.0,6.0,1.0,8.0,3.0,7.0,5.0,6.0,8.0,2.0,9.0,4.0,8.0
84,7.0,9.0,8.0,2.0,6.0,1.0,5.0,8.0,9.0,9.0,1.0,7.0,2.0,6.0
85,2.0,4.0,5.0,7.0,6.0,3.0,1.0,5.0,7.0,6.0,8.0,9.0,2.0,3.0
86,8.0,6.0,4.0,3.0,7.0,2.0,9.0,9.0,8.0,7.0,2.0,6.0,1.0,10.0
87,8.0,4.0,2.0,9.0,7.0,3.0,1.0,6.0,8.0,5.0,4.0,9.0,2.0,3.0
88,4.0,2.0,3.0,9.0,8.0,1.0,5.0,6.0,7.0,8.0,10.0,9.0,2.0,4.0
89,4.0,7.0,2.0,8.0,6.0,3.0,5.0,6.0,8.0,4.0,7.0,5.0,1.0,9.0
90,4.0,8.0,7.0,2.0,9.0,6.0,5.0,3.0,9.0,6.0,1.0,8.0,5.0,4.0
91,6.0,4.0,3.0,7.0,8.0,9.0,2.0,8.0,7.0,6.0,5.0,9.0,4.0,1.0
92,8.0,6.0,9.0,7.0,5.0,2.0,10.0,9.0,8.0,8.0,6.0,4.0,1.0,11.0
93,6.0,8.0,5.0,2.0,7.0,4.0,9.0,8.0,7.0,6.0,1.0,6.0,3.0,10.0
94,6.0,8.0,4.0,3.0,7.0,2.0,9.0,5.0,7.0,3.0,2.0,6.0,4.0,8.0
95,4.0,8.0,6.0,2.0,7.0,3.0,5.0,6.0,9.0,8.0,1.0,8.0,4.0,7.0
96,4.0,6.0,2.0,1.0,5.0,3.0,8.0,5.0,7.0,4.0,2.0,6.0,8.0,9.0
97,6.0,8.0,7.0,4.0,9.0,5.0,10.0,8.0,6.0,9.0,3.0,7.0,4.0,10.0
98,6.0,4.0,5.0,8.0,7.0,2.0,3.0,5.0,6.0,4.0,9.0,8.0,3.0,2.0
99,2.0,1.0,3.0,8.0,4.0,5.0,6.0,4.0,7.0,9.0,2.0,8.0,6.0,5.0
100,6.0,8.0,5.0,4.0,7.0,9.0,3.0,8.0,9.0,7.0,2.0,6.0,5.0,4.0
101,6.0,4.0,5.0,7.0,8.0,2.0,9.0,5.0,6.0,4.0,8.0,7.0,3.0,8.0
102,4.0,8.0,7.0,6.0,9.0,5.0,9.0,3.0,9.0,8.0,5.0,8.0,6.0,8.0
103,6.0,9.0,8.0,2.0,7.0,4.0,1.0,8.0,9.0,9.0,3.0,6.0,5.0,2.0
104,4.0,3.0,2.0,6.0,5.0,1.0,8.0,7.0,9.0,8.0,1.0,6.0,2.0,5.0
105,4.0,3.0,2.0,6.0,7.0,5.0,1.0,8.0,9.0,7.0,5.0,6.0,2.0,10.0
106,6.0,4.0,3.0,2.0,7.0,5.0,9.0,8.0,6.0,7.0,1.0,5.0,4.0,10.0
107,6.0,8.0,4.0,2.0,7.0,5.0,9.0,7.0,8.0,5.0,3.0,6.0,4.0,9.0
108,2.0,4.0,3.0,8.0,7.0,6.0,1.0,5.0,8.0,6.0,2.0,9.0,3.0,4.0
109,6.0,8.0,7.0,3.0,9.0,4.0,5.0,8.0,9.0,8.0,2.0,7.0,3.0,6.0
110,4.0,3.0,6.0,8.0,5.0,2.0,1.0,3.0,4.0,7.0,9.0,6.0,1.0,2.0
111,4.0,6.0,5.0,7.0,8.0,9.0,2.0,7.0,8.0,9.0,3.0,6.0,5.0,10.0
112,6.0,8.0,4.0,3.0,9.0,5.0,10.0,8.0,9.0,6.0,2.0,7.0,4.0,10.0
113,6.0,8.0,5.0,3.0,7.0,9.0,10.0,5.0,7.0,4.0,2.0,6.0,8.0,10.0
114,4.0,6.0,7.0,8.0,9.0,5.0,0.0,3.0,8.0,9.0,2.0,7.0,6.0,1.0
115,4.0,8.0,2.0,1.0,9.0,6.0,3.0,5.0,7.0,3.0,1.0,8.0,5.0,4.0
116,8.0,9.0,7.0,2.0,6.0,4.0,5.0,9.0,8.0,6.0,3.0,5.0,2.0,7.0
117,7.0,9.0,8.0,2.0,6.0,1.0,8.0,6.0,8.0,7.0,3.0,5.0,2.0,9.0
118,8.0,9.0,7.0,2.0,6.0,4.0,10.0,9.0,8.0,6.0,3.0,7.0,5.0,11.0
119,4.0,2.0,3.0,7.0,6.0,8.0,5.0,9.0,8.0,7.0,4.0,5.0,2.0,6.0
120,4.0,8.0,6.0,1.0,7.0,3.0,2.0,5.0,9.0,7.0,1.0,8.0,4.0,3.0
121,2.0,4.0,3.0,8.0,6.0,1.0,7.0,3.0,5.0,4.0,9.0,7.0,2.0,8.0
122,4.0,2.0,3.0,8.0,6.0,5.0,1.0,7.0,8.0,9.0,2.0,4.0,6.0,10.0
123,6.0,8.0,7.0,2.0,9.0,4.0,5.0,8.0,9.0,8.0,1.0,7.0,3.0,6.0
124,6.0,8.0,7.0,2.0,4.0,9.0,5.0,8.0,9.0,6.0,1.0,3.0,8.0,7.0
125,2.0,1.0,1.0,6.0,5.0,4.0,3.0,8.0,9.0,7.0,1.0,6.0,5.0,10.0
126,6.0,4.0,7.0,2.0,5.0,8.0,1.0,2.0,3.0,6.0,4.0,7.0,9.0,1.0
127,6.0,8.0,7.0,9.0,5.0,2.0,4.0,8.0,6.0,9.0,7.0,8.0,3.0,9.0
128,4.0,8.0,6.0,2.0,7.0,5.0,9.0,3.0,8.0,4.0,1.0,6.0,5.0,9.0
129,4.0,8.0,6.0,7.0,9.0,5.0,3.0,2.0,4.0,1.0,9.0,8.0,3.0,2.0
130,8.0,9.0,6.0,2.0,5.0,3.0,7.0,9.0,8.0,7.0,1.0,4.0,2.0,8.0
131,2.0,4.0,3.0,8.0,6.0,1.0,5.0,3.0,8.0,6.0,2.0,7.0,5.0,9.0
132,6.0,8.0,9.0,4.0,7.0,3.0,10.0,8.0,9.0,10.0,2.0,6.0,5.0,10.0
133,4.0,2.0,3.0,6.0,5.0,7.0,8.0,9.0,6.0,8.0,7.0,4.0,5.0,9.0
134,8.0,9.0,7.0,4.0,6.0,3.0,5.0,9.0,10.0,8.0,5.0,7.0,2.0,6.0
135,7.0,8.0,6.0,2.0,9.0,4.0,8.0,7.0,8.0,6.0,2.0,9.0,4.0,8.0
136,7.0,9.0,6.0,2.0,8.0,4.0,5.0,8.0,9.0,7.0,1.0,9.0,3.0,6.0
137,4.0,6.0,7.0,3.0,5.0,2.0,8.0,3.0,7.0,6.0,4.0,9.0,1.0,9.0
138,6.0,8.0,7.0,2.0,9.0,4.0,5.0,7.0,8.0,6.0,1.0,9.0,5.0,4.0
139,2.0,4.0,3.0,1.0,6.0,8.0,7.0,5.0,9.0,8.0,2.0,7.0,6.0,10.0
140,6.0,8.0,7.0,2.0,9.0,4.0,3.0,5.0,7.0,6.0,1.0,8.0,3.0,4.0
141,6.0,8.0,4.0,2.0,7.0,3.0,9.0,7.0,8.0,5.0,2.0,6.0,4.0,9.0
142,4.0,3.0,2.0,7.0,6.0,5.0,8.0,9.0,10.0,8.0,1.0,4.0,6.0,5.0
143,6.0,8.0,4.0,2.0,7.0,3.0,9.0,8.0,9.0,6.0,1.0,5.0,2.0,10.0
144,4.0,6.0,5.0,3.0,7.0,2.0,8.0,6.0,9.0,7.0,2.0,8.0,1.0,9.0
145,4.0,8.0,6.0,2.0,7.0,3.0,5.0,8.0,9.0,7.0,1.0,6.0,4.0,9.0
146,2.0,3.0,1.0,9.0,4.0,6.0,5.0,3.0,2.0,4.0,8.0,5.0,7.0,6.0
147,6.0,4.0,5.0,2.0,7.0,3.0,9.0,8.0,6.0,7.0,1.0,5.0,2.0,10.0
148,4.0,3.0,2.0,6.0,7.0,5.0,1.0,2.0,4.0,5.0,8.0,9.0,6.0,1.0
149,4.0,2.0,3.0,9.0,6.0,5.0,1.0,7.0,8.0,9.0,6.0,5.0,4.0,3.0
150,4.0,2.0,3.0,7.0,6.0,5.0,8.0,7.0,9.0,8.0,6.0,5.0,4.0,9.0
151,4.0,8.0,3.0,2.0,7.0,6.0,9.0,5.0,8.0,4.0,1.0,7.0,6.0,9.0
152,8.0,9.0,7.0,2.0,6.0,3.0,9.0,9.0,10.0,8.0,1.0,7.0,4.0,10.0
153,4.0,2.0,3.0,7.0,5.0,6.0,8.0,9.0,8.0,7.0,2.0,6.0,5.0,10.0
154,4.0,3.0,2.0,6.0,5.0,7.0,8.0,6.0,9.0,7.0,4.0,8.0,5.0,9.0
155,2.0,4.0,3.0,8.0,6.0,1.0,5.0,3.0,7.0,4.0,9.0,8.0,2.0,6.0
156,2.0,6.0,5.0,8.0,7.0,4.0,1.0,5.0,9.0,8.0,2.0,6.0,3.0,2.0
157,8.0,4.0,7.0,9.0,6.0,2.0,5.0,9.0,8.0,6.0,3.0,7.0,1.0,10.0
158,6.0,8.0,4.0,2.0,7.0,5.0,9.0,8.0,6.0,7.0,1.0,5.0,3.0,10.0
159,6.0,4.0,2.0,7.0,5.0,3.0,8.0,9.0,7.0,8.0,6.0,8.0,2.0,10.0
160,6.0,7.0,5.0,8.0,9.0,2.0,1.0,7.0,8.0,6.0,4.0,8.0,3.0,2.0
161,6.0,4.0,3.0,8.0,7.0,2.0,5.0,7.0,6.0,9.0,3.0,8.0,1.0,10.0
162,6.0,8.0,7.0,9.0,5.0,4.0,3.0,7.0,9.0,8.0,6.0,6.0,5.0,4.0
163,6.0,8.0,7.0,4.0,9.0,3.0,5.0,7.0,9.0,8.0,3.0,8.0,2.0,6.0
164,4.0,2.0,5.0,6.0,8.0,9.0,3.0,7.0,5.0,8.0,4.0,6.0,2.0,9.0
165,4.0,3.0,2.0,7.0,6.0,5.0,8.0,6.0,7.0,8.0,5.0,9.0,4.0,9.0
166,6.0,8.0,7.0,2.0,5.0,4.0,9.0,8.0,9.0,6.0,1.0,4.0,3.0,8.0
167,6.0,8.0,4.0,3.0,7.0,9.0,5.0,8.0,9.0,7.0,2.0,6.0,8.0,4.0
168,6.0,8.0,7.0,2.0,5.0,9.0,4.0,7.0,9.0,8.0,1.0,6.0,8.0,5.0
169,6.0,8.0,4.0,2.0,7.0,3.0,5.0,8.0,9.0,7.0,1.0,6.0,2.0,4.0
170,4.0,6.0,3.0,2.0,7.0,9.0,5.0,6.0,8.0,7.0,1.0,9.0,5.0,4.0
171,6.0,4.0,2.0,9.0,3.0,1.0,8.0,7.0,5.0,4.0,8.0,6.0,2.0,9.0
172,6.0,8.0,4.0,2.0,7.0,3.0,9.0,8.0,6.0,5.0,1.0,9.0,2.0,10.0
173,6.0,4.0,3.0,7.0,8.0,9.0,2.0,7.0,6.0,5.0,4.0,9.0,8.0,3.0
174,4.0,6.0,2.0,1.0,8.0,3.0,9.0,5.0,8.0,4.0,1.0,9.0,2.0,10.0
175,2.0,1.0,3.0,8.0,4.0,5.0,6.0,7.0,9.0,8.0,6.0,5.0,4.0,10.0
176,4.0,2.0,3.0,7.0,6.0,8.0,5.0,3.0,1.0,2.0,8.0,7.0,9.0,4.0
177,6.0,7.0,8.0,9.0,5.0,4.0,3.0,7.0,8.0,9.0,6.0,4.0,2.0,5.0
178,6.0,7.0,8.0,5.0,9.0,4.0,3.0,8.0,6.0,9.0,4.0,7.0,5.0,10.0
179,6.0,8.0,7.0,4.0,9.0,5.0,10.0,8.0,6.0,9.0,3.0,7.0,4.0,10.0
180,2.0,1.0,3.0,8.0,4.0,5.0,6.0,7.0,8.0,9.0,2.0,6.0,3.0,10.0
181,4.0,2.0,3.0,9.0,8.0,1.0,5.0,3.0,2.0,4.0,8.0,9.0,1.0,5.0
182,6.0,2.0,4.0,7.0,8.0,3.0,1.0,8.0,9.0,7.0,3.0,6.0,5.0,10.0
183,6.0,8.0,7.0,3.0,9.0,4.0,5.0,7.0,6.0,8.0,4.0,7.0,5.0,9.0
184,8.0,9.0,7.0,4.0,5.0,2.0,6.0,9.0,8.0,8.0,3.0,6.0,1.0,9.0
185,6.0,8.0,7.0,2.0,9.0,5.0,4.0,8.0,9.0,6.0,1.0,7.0,3.0,5.0
186,6.0,4.0,5.0,8.0,7.0,3.0,2.0,8.0,9.0,7.0,6.0,5.0,4.0,10.0
187,2.0,4.0,3.0,1.0,8.0,6.0,5.0,7.0,9.0,8.0,2.0,6.0,4.0,10.0
188,4.0,3.0,2.0,1.0,6.0,9.0,8.0,7.0,6.0,4.0,2.0,5.0,8.0,9.0
189,4.0,6.0,2.0,3.0,5.0,9.0,1.0,3.0,7.0,5.0,4.0,6.0,8.0,2.0
190,6.0,4.0,7.0,8.0,9.0,5.0,2.0,8.0,6.0,9.0,7.0,8.0,3.0,4.0
191,4.0,6.0,7.0,5.0,8.0,2.0,9.0,3.0,5.0,8.0,6.0,9.0,1.0,10.0
192,4.0,8.0,2.0,6.0,7.0,3.0,1.0,5.0,9.0,4.0,2.0,8.0,6.0,10.0
193,4.0,3.0,2.0,6.0,7.0,8.0,5.0,6.0,8.0,9.0,3.0,4.0,2.0,10.0
194,2.0,1.0,3.0,4.0,5.0,6.0,8.0,3.0,2.0,4.0,5.0,6.0,7.0,9.0
195,2.0,1.0,3.0,7.0,4.0,5.0,6.0,4.0,8.0,9.0,5.0,7.0,2.0,10.0
196,2.0,4.0,3.0,8.0,6.0,5.0,7.0,8.0,9.0,7.0,2.0,8.0,6.0,9.0
197,2.0,3.0,4.0,9.0,6.0,7.0,1.0,5.0,8.0,6.0,7.0,4.0,3.0,9.0
198,6.0,9.0,8.0,2.0,7.0,3.0,5.0,8.0,9.0,7.0,1.0,6.0,2.0,4.0
199,4.0,6.0,3.0,2.0,7.0,5.0,8.0,7.0,9.0,8.0,1.0,6.0,4.0,9.0
200,4.0,6.0,3.0,5.0,7.0,8.0,2.0,6.0,9.0,7.0,4.0,8.0,5.0,1.0
201,6.0,8.0,5.0,4.0,7.0,3.0,2.0,8.0,9.0,6.0,2.0,8.0,4.0,1.0
202,6.0,4.0,2.0,8.0,7.0,3.0,1.0,8.0,9.0,7.0,2.0,6.0,5.0,10.0
203,4.0,9.0,8.0,1.0,7.0,2.0,5.0,6.0,9.0,8.0,1.0,7.0,3.0,5.0
204,8.0,9.0,6.0,2.0,7.0,5.0,4.0,6.0,3.0,8.0,9.0,5.0,4.0,2.0
205,8.0,9.0,7.0,4.0,6.0,3.0,5.0,9.0,8.0,8.0,5.0,7.0,2.0,6.0
206,4.0,2.0,3.0,8.0,6.0,1.0,5.0,3.0,1.0,2.0,9.0,7.0,1.0,4.0
207,4.0,6.0,5.0,7.0,8.0,2.0,9.0,3.0,7.0,6.0,8.0,9.0,1.0,10.0
208,4.0,3.0,2.0,7.0,6.0,5.0,8.0,9.0,10.0,8.0,5.0,7.0,4.0,6.0
209,4.0,2.0,3.0,8.0,5.0,1.0,6.0,7.0,9.0,8.0,4.0,6.0,2.0,5.0
210,4.0,2.0,5.0,7.0,6.0,3.0,1.0,5.0,8.0,6.0,4.0,7.0,2.0,9.0
211,4.0,7.0,2.0,1.0,8.0,6.0,3.0,5.0,9.0,6.0,2.0,7.0,8.0,4.0
212,4.0,2.0,3.0,9.0,7.0,1.0,5.0,3.0,2.0,4.0,8.0,6.0,1.0,5.0
213,2.0,4.0,1.0,6.0,5.0,7.0,3.0,8.0,9.0,5.0,2.0,6.0,4.0,7.0
214,4.0,6.0,7.0,8.0,5.0,2.0,3.0,8.0,9.0,10.0,7.0,6.0,4.0,5.0
215,4.0,3.0,2.0,1.0,5.0,6.0,7.0,8.0,9.0,10.0,2.0,6.0,1.0,5.0
216,4.0,6.0,8.0,9.0,7.0,2.0,3.0,6.0,8.0,9.0,1.0,5.0,4.0,10.0
217,4.0,6.0,5.0,2.0,7.0,3.0,9.0,5.0,8.0,6.0,1.0,9.0,4.0,10.0
218,6.0,8.0,5.0,2.0,7.0,4.0,9.0,8.0,6.0,7.0,1.0,5.0,3.0,10.0
219,4.0,6.0,2.0,8.0,9.0,3.0,1.0,7.0,8.0,5.0,2.0,6.0,4.0,9.0
220,4.0,6.0,3.0,8.0,7.0,2.0,5.0,8.0,9.0,7.0,6.0,5.0,4.0,10.0
221,8.0,4.0,6.0,7.0,5.0,3.0,9.0,6.0,2.0,5.0,9.0,8.0,4.0,3.0
222,8.0,9.0,6.0,2.0,7.0,3.0,5.0,9.0,8.0,7.0,1.0,6.0,4.0,9.0
223,6.0,8.0,4.0,2.0,7.0,9.0,3.0,5.0,9.0,7.0,1.0,8.0,10.0,2.0
224,8.0,9.0,7.0,2.0,6.0,5.0,4.0,9.0,8.0,9.0,1.0,7.0,4.0,5.0
225,4.0,2.0,3.0,9.0,6.0,5.0,1.0,7.0,8.0,6.0,8.0,9.0,4.0,2.0
226,4.0,2.0,5.0,7.0,6.0,1.0,8.0,5.0,3.0,6.0,8.0,7.0,2.0,9.0
227,4.0,2.0,3.0,8.0,6.0,1.0,0.0,5.0,3.0,4.0,9.0,7.0,2.0,1.0
228,2.0,1.0,3.0,9.0,7.0,6.0,4.0,5.0,8.0,7.0,6.0,9.0,3.0,6.0
229,4.0,6.0,5.0,2.0,8.0,3.0,1.0,7.0,9.0,8.0,3.0,6.0,4.0,5.0
230,6.0,8.0,7.0,3.0,5.0,2.0,4.0,7.0,9.0,8.0,2.0,6.0,1.0,5.0
231,6.0,8.0,7.0,2.0,9.0,4.0,3.0,7.0,8.0,8.0,1.0,9.0,5.0,4.0
232,4.0,8.0,6.0,7.0,5.0,2.0,3.0,5.0,9.0,7.0,6.0,4.0,1.0,4.0
233,4.0,3.0,6.0,7.0,5.0,2.0,8.0,9.0,10.0,11.0,6.0,7.0,3.0,9.0
234,2.0,3.0,4.0,8.0,6.0,9.0,1.0,5.0,7.0,8.0,2.0,4.0,6.0,10.0
235,6.0,8.0,5.0,4.0,7.0,9.0,2.0,8.0,7.0,9.0,3.0,6.0,5.0,10.0
236,6.0,8.0,7.0,2.0,5.0,9.0,8.0,4.0,6.0,3.0,1.0,7.0,8.0,9.0
237,6.0,8.0,7.0,4.0,9.0,3.0,5.0,8.0,7.0,9.0,6.0,8.0,2.0,10.0
238,6.0,8.0,4.0,2.0,7.0,3.0,5.0,8.0,9.0,6.0,1.0,5.0,4.0,7.0
239,4.0,2.0,3.0,8.0,5.0,6.0,1.0,7.0,8.0,6.0,4.0,9.0,2.0,5.0
240,4.0,6.0,7.0,2.0,8.0,3.0,5.0,6.0,9.0,8.0,1.0,7.0,4.0,9.0
241,2.0,4.0,3.0,6.0,7.0,5.0,1.0,4.0,8.0,6.0,2.0,9.0,3.0,7.0
242,4.0,6.0,5.0,2.0,7.0,8.0,3.0,5.0,8.0,6.0,1.0,9.0,7.0,4.0
243,6.0,4.0,3.0,7.0,8.0,2.0,5.0,7.0,6.0,5.0,8.0,9.0,1.0,4.0
244,6.0,8.0,9.0,2.0,7.0,4.0,3.0,5.0,9.0,8.0,1.0,6.0,3.0,4.0
245,4.0,6.0,5.0,8.0,7.0,3.0,2.0,5.0,8.0,7.0,9.0,6.0,4.0,3.0
246,4.0,3.0,5.0,9.0,6.0,7.0,8.0,5.0,4.0,7.0,8.0,7.0,6.0,9.0
247,2.0,1.0,4.0,9.0,6.0,8.0,3.0,5.0,2.0,7.0,8.0,4.0,9.0,6.0
248,6.0,8.0,5.0,2.0,7.0,4.0,9.0,8.0,9.0,6.0,1.0,8.0,3.0,10.0
249,4.0,3.0,5.0,2.0,7.0,6.0,8.0,5.0,4.0,6.0,3.0,9.0,7.0,9.0
250,4.0,2.0,1.0,9.0,6.0,3.0,5.0,8.0,9.0,7.0,2.0,4.0,6.0,3.0
251,6.0,9.0,7.0,2.0,8.0,4.0,3.0,9.0,10.0,8.0,1.0,7.0,5.0,4.0
252,4.0,8.0,7.0,2.0,6.0,3.0,5.0,8.0,9.0,8.0,3.0,7.0,4.0,6.0
254,4.0,2.0,3.0,6.0,8.0,5.0,9.0,7.0,4.0,6.0,3.0,6.0,2.0,5.0
255,6.0,2.0,4.0,8.0,7.0,3.0,1.0,5.0,4.0,6.0,7.0,8.0,2.0,3.0
256,4.0,6.0,7.0,8.0,5.0,3.0,2.0,3.0,8.0,5.0,9.0,7.0,4.0,1.0
257,4.0,2.0,1.0,8.0,5.0,3.0,6.0,5.0,4.0,6.0,7.0,8.0,2.0,9.0
258,2.0,1.0,3.0,9.0,5.0,4.0,1.0,3.0,2.0,6.0,8.0,7.0,5.0,4.0
259,7.0,8.0,6.0,2.0,9.0,4.0,5.0,8.0,9.0,7.0,1.0,10.0,3.0,6.0
260,8.0,7.0,6.0,3.0,4.0,2.0,9.0,9.0,8.0,7.0,2.0,5.0,1.0,10.0
261,4.0,2.0,1.0,7.0,6.0,3.0,5.0,8.0,9.0,10.0,2.0,7.0,6.0,10.0
